,0,1
0,pokemon98,pokemon201
1,pokemon58,pokemon49
2,pokemon349,pokemon284
3,pokemon294,pokemon15
4,pokemon298,pokemon9
5,pokemon146,pokemon94
6,pokemon66,pokemon190
7,pokemon302,pokemon274
8,pokemon104,pokemon122
9,pokemon203,pokemon55
10,pokemon90,pokemon349
11,pokemon89,pokemon36
12,pokemon285,pokemon181
13,pokemon328,pokemon364
14,pokemon181,pokemon89
15,pokemon353,pokemon128
16,pokemon236,pokemon308
17,pokemon141,pokemon160
18,pokemon333,pokemon329
19,pokemon127,pokemon364
20,pokemon210,pokemon58
21,pokemon69,pokemon146
22,pokemon299,pokemon17
23,pokemon349,pokemon102
24,pokemon159,pokemon186
25,pokemon68,pokemon140
26,pokemon134,pokemon210
27,pokemon273,pokemon79
28,pokemon215,pokemon350
29,pokemon291,pokemon200
30,pokemon79,pokemon333
31,pokemon1,pokemon205
32,pokemon331,pokemon146
33,pokemon27,pokemon252
34,pokemon152,pokemon51
35,pokemon363,pokemon38
36,pokemon126,pokemon284
37,pokemon340,pokemon326
38,pokemon123,pokemon278
39,pokemon82,pokemon79
40,pokemon160,pokemon218
41,pokemon50,pokemon16
42,pokemon266,pokemon47
43,pokemon57,pokemon63
44,pokemon56,pokemon144
45,pokemon256,pokemon80
46,pokemon74,pokemon14
47,pokemon45,pokemon94
48,pokemon14,pokemon333
49,pokemon124,pokemon304
50,pokemon101,pokemon83
51,pokemon7,pokemon361
52,pokemon100,pokemon199
53,pokemon30,pokemon16
54,pokemon314,pokemon43
55,pokemon176,pokemon103
56,pokemon179,pokemon80
57,pokemon199,pokemon109
58,pokemon157,pokemon166
59,pokemon105,pokemon126
60,pokemon116,pokemon59
61,pokemon157,pokemon340
62,pokemon157,pokemon42
63,pokemon305,pokemon1
64,pokemon314,pokemon173
65,pokemon63,pokemon31
66,pokemon26,pokemon11
67,pokemon274,pokemon310
68,pokemon343,pokemon222
69,pokemon254,pokemon271
70,pokemon310,pokemon310
71,pokemon291,pokemon310
72,pokemon19,pokemon203
73,pokemon276,pokemon271
74,pokemon172,pokemon56
75,pokemon242,pokemon179
76,pokemon313,pokemon23
77,pokemon318,pokemon107
78,pokemon36,pokemon264
79,pokemon182,pokemon337
80,pokemon88,pokemon182
81,pokemon72,pokemon211
82,pokemon149,pokemon304
83,pokemon17,pokemon74
84,pokemon150,pokemon86
85,pokemon5,pokemon273
86,pokemon268,pokemon80
87,pokemon314,pokemon343
88,pokemon237,pokemon40
89,pokemon78,pokemon179
90,pokemon92,pokemon336
91,pokemon136,pokemon354
92,pokemon153,pokemon154
93,pokemon56,pokemon76
94,pokemon363,pokemon312
95,pokemon148,pokemon366
96,pokemon149,pokemon32
97,pokemon340,pokemon181
98,pokemon25,pokemon109
99,pokemon340,pokemon335
100,pokemon38,pokemon339
101,pokemon179,pokemon63
102,pokemon134,pokemon193
103,pokemon49,pokemon345
104,pokemon300,pokemon187
105,pokemon154,pokemon154
106,pokemon205,pokemon3
107,pokemon90,pokemon20
108,pokemon354,pokemon173
109,pokemon100,pokemon344
110,pokemon296,pokemon336
111,pokemon332,pokemon252
112,pokemon98,pokemon141
113,pokemon209,pokemon211
114,pokemon283,pokemon279
115,pokemon72,pokemon190
116,pokemon113,pokemon267
117,pokemon230,pokemon363
118,pokemon335,pokemon250
119,pokemon287,pokemon212
120,pokemon179,pokemon11
121,pokemon317,pokemon198
122,pokemon104,pokemon283
123,pokemon265,pokemon268
124,pokemon270,pokemon157
125,pokemon364,pokemon148
126,pokemon63,pokemon49
127,pokemon238,pokemon236
128,pokemon340,pokemon299
129,pokemon10,pokemon291
130,pokemon42,pokemon148
131,pokemon356,pokemon142
132,pokemon253,pokemon56
133,pokemon177,pokemon337
134,pokemon125,pokemon252
135,pokemon217,pokemon246
136,pokemon18,pokemon137
137,pokemon136,pokemon119
138,pokemon207,pokemon15
139,pokemon225,pokemon313
140,pokemon83,pokemon63
141,pokemon357,pokemon85
142,pokemon230,pokemon134
143,pokemon275,pokemon306
144,pokemon313,pokemon263
145,pokemon23,pokemon271
146,pokemon30,pokemon107
147,pokemon242,pokemon163
148,pokemon14,pokemon11
149,pokemon322,pokemon337
150,pokemon145,pokemon307
151,pokemon200,pokemon41
152,pokemon286,pokemon46
153,pokemon316,pokemon330
154,pokemon193,pokemon61
155,pokemon269,pokemon123
156,pokemon161,pokemon249
157,pokemon243,pokemon331
158,pokemon227,pokemon295
159,pokemon178,pokemon213
160,pokemon121,pokemon56
161,pokemon70,pokemon136
162,pokemon100,pokemon46
163,pokemon304,pokemon127
164,pokemon363,pokemon148
165,pokemon73,pokemon144
166,pokemon339,pokemon205
167,pokemon271,pokemon110
168,pokemon231,pokemon367
169,pokemon344,pokemon218
170,pokemon84,pokemon72
171,pokemon343,pokemon326
172,pokemon118,pokemon113
173,pokemon223,pokemon28
174,pokemon134,pokemon108
175,pokemon20,pokemon294
176,pokemon147,pokemon174
177,pokemon224,pokemon274
178,pokemon42,pokemon358
179,pokemon157,pokemon177
180,pokemon281,pokemon232
181,pokemon359,pokemon197
182,pokemon24,pokemon214
183,pokemon19,pokemon178
184,pokemon99,pokemon58
185,pokemon138,pokemon33
186,pokemon194,pokemon267
187,pokemon34,pokemon75
188,pokemon165,pokemon308
189,pokemon312,pokemon79
190,pokemon16,pokemon82
191,pokemon350,pokemon280
192,pokemon266,pokemon136
193,pokemon45,pokemon249
194,pokemon246,pokemon264
195,pokemon82,pokemon272
196,pokemon310,pokemon356
197,pokemon319,pokemon230
198,pokemon117,pokemon325
199,pokemon145,pokemon331
200,pokemon231,pokemon97
201,pokemon138,pokemon321
202,pokemon214,pokemon16
203,pokemon143,pokemon166
204,pokemon55,pokemon254
205,pokemon66,pokemon80
206,pokemon217,pokemon257
207,pokemon172,pokemon236
208,pokemon95,pokemon100
209,pokemon87,pokemon289
210,pokemon11,pokemon117
211,pokemon3,pokemon7
212,pokemon98,pokemon8
213,pokemon205,pokemon74
214,pokemon241,pokemon328
215,pokemon224,pokemon161
216,pokemon139,pokemon208
217,pokemon132,pokemon174
218,pokemon251,pokemon322
219,pokemon227,pokemon184
220,pokemon188,pokemon315
221,pokemon289,pokemon78
222,pokemon57,pokemon38
223,pokemon168,pokemon216
224,pokemon347,pokemon19
225,pokemon36,pokemon188
226,pokemon3,pokemon229
227,pokemon315,pokemon108
228,pokemon128,pokemon127
229,pokemon77,pokemon239
230,pokemon31,pokemon242
231,pokemon227,pokemon239
232,pokemon221,pokemon255
233,pokemon331,pokemon126
234,pokemon124,pokemon315
235,pokemon329,pokemon238
236,pokemon121,pokemon287
237,pokemon231,pokemon50
238,pokemon104,pokemon32
239,pokemon26,pokemon183
240,pokemon354,pokemon212
241,pokemon208,pokemon33
242,pokemon83,pokemon278
243,pokemon314,pokemon292
244,pokemon313,pokemon279
245,pokemon222,pokemon36
246,pokemon13,pokemon335
247,pokemon92,pokemon333
248,pokemon106,pokemon233
249,pokemon314,pokemon92
250,pokemon59,pokemon111
251,pokemon243,pokemon180
252,pokemon122,pokemon159
253,pokemon271,pokemon156
254,pokemon303,pokemon14
255,pokemon71,pokemon292
256,pokemon128,pokemon290
257,pokemon365,pokemon232
258,pokemon11,pokemon51
259,pokemon311,pokemon19
260,pokemon207,pokemon240
261,pokemon132,pokemon10
262,pokemon15,pokemon322
263,pokemon1,pokemon74
264,pokemon152,pokemon175
265,pokemon189,pokemon238
266,pokemon347,pokemon199
267,pokemon196,pokemon321
268,pokemon27,pokemon17
269,pokemon365,pokemon321
270,pokemon354,pokemon16
271,pokemon39,pokemon330
272,pokemon84,pokemon10
273,pokemon295,pokemon344
274,pokemon68,pokemon38
275,pokemon309,pokemon318
276,pokemon223,pokemon205
277,pokemon162,pokemon352
278,pokemon1,pokemon108
279,pokemon11,pokemon50
280,pokemon32,pokemon253
281,pokemon290,pokemon42
282,pokemon341,pokemon172
283,pokemon104,pokemon126
284,pokemon128,pokemon157
285,pokemon35,pokemon137
286,pokemon278,pokemon37
287,pokemon157,pokemon151
288,pokemon171,pokemon134
289,pokemon310,pokemon342
290,pokemon111,pokemon176
291,pokemon176,pokemon163
292,pokemon259,pokemon118
293,pokemon348,pokemon200
294,pokemon256,pokemon159
295,pokemon88,pokemon332
296,pokemon252,pokemon276
297,pokemon17,pokemon84
298,pokemon106,pokemon294
299,pokemon182,pokemon126
300,pokemon53,pokemon108
301,pokemon175,pokemon122
302,pokemon215,pokemon135
303,pokemon122,pokemon75
304,pokemon127,pokemon275
305,pokemon268,pokemon248
306,pokemon198,pokemon87
307,pokemon7,pokemon320
308,pokemon173,pokemon183
309,pokemon15,pokemon236
310,pokemon226,pokemon144
311,pokemon363,pokemon273
312,pokemon253,pokemon72
313,pokemon345,pokemon243
314,pokemon349,pokemon257
315,pokemon219,pokemon160
316,pokemon34,pokemon45
317,pokemon172,pokemon25
318,pokemon279,pokemon324
319,pokemon199,pokemon366
320,pokemon9,pokemon176
321,pokemon100,pokemon100
322,pokemon139,pokemon360
323,pokemon81,pokemon26
324,pokemon5,pokemon101
325,pokemon306,pokemon112
326,pokemon289,pokemon83
327,pokemon353,pokemon172
328,pokemon57,pokemon57
329,pokemon291,pokemon23
330,pokemon300,pokemon18
331,pokemon245,pokemon159
332,pokemon126,pokemon90
333,pokemon31,pokemon189
334,pokemon80,pokemon216
335,pokemon363,pokemon231
336,pokemon111,pokemon191
337,pokemon218,pokemon125
338,pokemon306,pokemon358
339,pokemon234,pokemon52
340,pokemon322,pokemon341
341,pokemon261,pokemon222
342,pokemon232,pokemon148
343,pokemon26,pokemon306
344,pokemon232,pokemon223
345,pokemon303,pokemon48
346,pokemon125,pokemon293
347,pokemon345,pokemon61
348,pokemon235,pokemon4
349,pokemon328,pokemon145
350,pokemon115,pokemon300
351,pokemon82,pokemon191
352,pokemon32,pokemon169
353,pokemon237,pokemon174
354,pokemon216,pokemon199
355,pokemon118,pokemon242
356,pokemon264,pokemon198
357,pokemon315,pokemon212
358,pokemon262,pokemon57
359,pokemon65,pokemon117
360,pokemon268,pokemon199
361,pokemon55,pokemon162
362,pokemon138,pokemon306
363,pokemon354,pokemon48
364,pokemon242,pokemon142
365,pokemon14,pokemon273
366,pokemon299,pokemon201
367,pokemon286,pokemon190
368,pokemon146,pokemon37
369,pokemon44,pokemon21
370,pokemon151,pokemon22
371,pokemon80,pokemon334
372,pokemon338,pokemon149
373,pokemon332,pokemon145
374,pokemon44,pokemon256
375,pokemon309,pokemon168
376,pokemon126,pokemon2
377,pokemon35,pokemon20
378,pokemon61,pokemon10
379,pokemon260,pokemon200
380,pokemon177,pokemon262
381,pokemon144,pokemon58
382,pokemon264,pokemon134
383,pokemon63,pokemon230
384,pokemon218,pokemon93
385,pokemon104,pokemon224
386,pokemon364,pokemon52
387,pokemon313,pokemon302
388,pokemon363,pokemon97
389,pokemon87,pokemon294
390,pokemon96,pokemon247
391,pokemon293,pokemon139
392,pokemon65,pokemon63
393,pokemon281,pokemon75
394,pokemon150,pokemon233
395,pokemon23,pokemon287
396,pokemon240,pokemon254
397,pokemon193,pokemon17
398,pokemon92,pokemon295
399,pokemon36,pokemon291
400,pokemon288,pokemon292
401,pokemon103,pokemon239
402,pokemon248,pokemon259
403,pokemon101,pokemon170
404,pokemon287,pokemon224
405,pokemon136,pokemon244
406,pokemon32,pokemon34
407,pokemon35,pokemon145
408,pokemon150,pokemon8
409,pokemon101,pokemon312
410,pokemon195,pokemon193
411,pokemon78,pokemon354
412,pokemon77,pokemon265
413,pokemon152,pokemon356
414,pokemon325,pokemon52
415,pokemon190,pokemon8
416,pokemon46,pokemon111
417,pokemon153,pokemon247
418,pokemon282,pokemon90
419,pokemon230,pokemon336
420,pokemon306,pokemon216
421,pokemon256,pokemon355
422,pokemon262,pokemon80
423,pokemon4,pokemon290
424,pokemon78,pokemon305
425,pokemon176,pokemon229
426,pokemon298,pokemon191
427,pokemon49,pokemon213
428,pokemon175,pokemon193
429,pokemon271,pokemon21
430,pokemon71,pokemon194
431,pokemon227,pokemon300
432,pokemon288,pokemon183
433,pokemon95,pokemon125
434,pokemon88,pokemon240
435,pokemon351,pokemon134
436,pokemon115,pokemon276
437,pokemon160,pokemon333
438,pokemon38,pokemon153
439,pokemon343,pokemon94
440,pokemon192,pokemon345
441,pokemon357,pokemon290
442,pokemon23,pokemon221
443,pokemon146,pokemon297
444,pokemon37,pokemon251
445,pokemon12,pokemon126
446,pokemon2,pokemon248
447,pokemon156,pokemon202
448,pokemon6,pokemon246
449,pokemon238,pokemon300
450,pokemon168,pokemon308
451,pokemon92,pokemon160
452,pokemon162,pokemon3
453,pokemon350,pokemon279
454,pokemon73,pokemon22
455,pokemon278,pokemon42
456,pokemon285,pokemon264
457,pokemon136,pokemon195
458,pokemon263,pokemon180
459,pokemon67,pokemon166
460,pokemon249,pokemon81
461,pokemon256,pokemon358
462,pokemon177,pokemon55
463,pokemon114,pokemon56
464,pokemon363,pokemon65
465,pokemon343,pokemon111
466,pokemon261,pokemon341
467,pokemon260,pokemon324
468,pokemon43,pokemon132
469,pokemon134,pokemon264
470,pokemon115,pokemon16
471,pokemon269,pokemon196
472,pokemon3,pokemon239
473,pokemon111,pokemon236
474,pokemon194,pokemon189
475,pokemon342,pokemon78
476,pokemon32,pokemon103
477,pokemon323,pokemon29
478,pokemon225,pokemon245
479,pokemon285,pokemon228
480,pokemon122,pokemon365
481,pokemon105,pokemon107
482,pokemon31,pokemon261
483,pokemon45,pokemon249
484,pokemon264,pokemon126
485,pokemon228,pokemon37
486,pokemon253,pokemon320
487,pokemon47,pokemon5
488,pokemon261,pokemon294
489,pokemon8,pokemon276
490,pokemon294,pokemon301
491,pokemon249,pokemon204
492,pokemon306,pokemon218
493,pokemon49,pokemon265
494,pokemon139,pokemon18
495,pokemon342,pokemon331
496,pokemon311,pokemon352
497,pokemon225,pokemon100
498,pokemon341,pokemon340
499,pokemon285,pokemon114
500,pokemon313,pokemon321
501,pokemon130,pokemon315
502,pokemon200,pokemon21
503,pokemon44,pokemon220
504,pokemon43,pokemon244
505,pokemon234,pokemon64
506,pokemon66,pokemon27
507,pokemon64,pokemon295
508,pokemon251,pokemon329
509,pokemon354,pokemon364
510,pokemon218,pokemon197
511,pokemon50,pokemon103
512,pokemon246,pokemon297
513,pokemon178,pokemon133
514,pokemon107,pokemon73
515,pokemon200,pokemon28
516,pokemon187,pokemon84
517,pokemon293,pokemon71
518,pokemon347,pokemon165
519,pokemon239,pokemon121
520,pokemon106,pokemon297
521,pokemon192,pokemon305
522,pokemon253,pokemon52
523,pokemon361,pokemon11
524,pokemon364,pokemon115
525,pokemon66,pokemon44
526,pokemon66,pokemon170
527,pokemon292,pokemon155
528,pokemon199,pokemon177
529,pokemon130,pokemon213
530,pokemon271,pokemon217
531,pokemon36,pokemon239
532,pokemon206,pokemon15
533,pokemon294,pokemon310
534,pokemon44,pokemon365
535,pokemon138,pokemon111
536,pokemon74,pokemon341
537,pokemon205,pokemon29
538,pokemon177,pokemon209
539,pokemon85,pokemon238
540,pokemon24,pokemon348
541,pokemon118,pokemon351
542,pokemon90,pokemon217
543,pokemon24,pokemon40
544,pokemon92,pokemon123
545,pokemon334,pokemon32
546,pokemon93,pokemon26
547,pokemon238,pokemon281
548,pokemon172,pokemon31
549,pokemon36,pokemon148
550,pokemon238,pokemon229
551,pokemon222,pokemon64
552,pokemon273,pokemon113
553,pokemon24,pokemon345
554,pokemon274,pokemon106
555,pokemon166,pokemon134
556,pokemon262,pokemon321
557,pokemon249,pokemon73
558,pokemon48,pokemon135
559,pokemon340,pokemon222
560,pokemon324,pokemon279
561,pokemon327,pokemon6
562,pokemon65,pokemon98
563,pokemon134,pokemon350
564,pokemon275,pokemon273
565,pokemon36,pokemon106
566,pokemon77,pokemon331
567,pokemon56,pokemon179
568,pokemon10,pokemon189
569,pokemon278,pokemon166
570,pokemon163,pokemon277
571,pokemon167,pokemon56
572,pokemon125,pokemon236
573,pokemon21,pokemon239
574,pokemon31,pokemon137
575,pokemon62,pokemon314
576,pokemon192,pokemon182
577,pokemon98,pokemon27
578,pokemon83,pokemon83
579,pokemon320,pokemon114
580,pokemon121,pokemon361
581,pokemon52,pokemon345
582,pokemon153,pokemon137
583,pokemon68,pokemon140
584,pokemon74,pokemon179
585,pokemon16,pokemon236
586,pokemon354,pokemon279
587,pokemon235,pokemon68
588,pokemon160,pokemon18
589,pokemon97,pokemon213
590,pokemon90,pokemon364
591,pokemon341,pokemon137
592,pokemon160,pokemon108
593,pokemon64,pokemon294
594,pokemon14,pokemon165
595,pokemon25,pokemon301
596,pokemon14,pokemon279
597,pokemon5,pokemon49
598,pokemon55,pokemon106
599,pokemon296,pokemon131
600,pokemon194,pokemon283
601,pokemon79,pokemon266
602,pokemon140,pokemon191
603,pokemon90,pokemon198
604,pokemon335,pokemon231
605,pokemon220,pokemon166
606,pokemon204,pokemon109
607,pokemon240,pokemon221
608,pokemon310,pokemon245
609,pokemon168,pokemon194
610,pokemon282,pokemon47
611,pokemon83,pokemon64
612,pokemon336,pokemon225
613,pokemon190,pokemon177
614,pokemon234,pokemon118
615,pokemon224,pokemon304
616,pokemon215,pokemon223
617,pokemon169,pokemon163
618,pokemon366,pokemon269
619,pokemon345,pokemon352
620,pokemon74,pokemon245
621,pokemon356,pokemon293
622,pokemon352,pokemon318
623,pokemon187,pokemon33
624,pokemon322,pokemon153
625,pokemon74,pokemon23
626,pokemon67,pokemon161
627,pokemon304,pokemon196
628,pokemon220,pokemon104
629,pokemon145,pokemon96
630,pokemon170,pokemon16
631,pokemon8,pokemon351
632,pokemon226,pokemon262
633,pokemon41,pokemon252
634,pokemon228,pokemon254
635,pokemon340,pokemon252
636,pokemon328,pokemon118
637,pokemon124,pokemon81
638,pokemon24,pokemon265
639,pokemon124,pokemon347
640,pokemon14,pokemon158
641,pokemon338,pokemon36
642,pokemon355,pokemon15
643,pokemon162,pokemon255
644,pokemon225,pokemon12
645,pokemon211,pokemon270
646,pokemon298,pokemon228
647,pokemon82,pokemon138
648,pokemon155,pokemon113
649,pokemon281,pokemon209
650,pokemon224,pokemon100
651,pokemon286,pokemon219
652,pokemon322,pokemon190
653,pokemon221,pokemon361
654,pokemon295,pokemon324
655,pokemon325,pokemon270
656,pokemon264,pokemon79
657,pokemon268,pokemon176
658,pokemon303,pokemon243
659,pokemon168,pokemon205
660,pokemon197,pokemon350
661,pokemon40,pokemon75
662,pokemon116,pokemon245
663,pokemon173,pokemon206
664,pokemon109,pokemon129
665,pokemon237,pokemon160
666,pokemon183,pokemon261
667,pokemon220,pokemon319
668,pokemon332,pokemon205
669,pokemon332,pokemon24
670,pokemon282,pokemon217
671,pokemon284,pokemon118
672,pokemon362,pokemon55
673,pokemon206,pokemon334
674,pokemon174,pokemon39
675,pokemon57,pokemon350
676,pokemon346,pokemon219
677,pokemon13,pokemon166
678,pokemon201,pokemon193
679,pokemon79,pokemon199
680,pokemon356,pokemon163
681,pokemon204,pokemon221
682,pokemon261,pokemon286
683,pokemon181,pokemon194
684,pokemon263,pokemon320
685,pokemon327,pokemon6
686,pokemon263,pokemon168
687,pokemon240,pokemon345
688,pokemon143,pokemon3
689,pokemon232,pokemon210
690,pokemon329,pokemon147
691,pokemon248,pokemon128
692,pokemon350,pokemon339
693,pokemon318,pokemon32
694,pokemon219,pokemon294
695,pokemon42,pokemon318
696,pokemon247,pokemon4
697,pokemon287,pokemon140
698,pokemon164,pokemon367
699,pokemon170,pokemon149
700,pokemon109,pokemon73
701,pokemon3,pokemon69
702,pokemon16,pokemon179
703,pokemon14,pokemon200
704,pokemon250,pokemon251
705,pokemon243,pokemon43
706,pokemon99,pokemon136
707,pokemon213,pokemon296
708,pokemon206,pokemon161
709,pokemon290,pokemon258
710,pokemon137,pokemon224
711,pokemon325,pokemon14
712,pokemon295,pokemon289
713,pokemon160,pokemon334
714,pokemon351,pokemon83
715,pokemon302,pokemon22
716,pokemon94,pokemon7
717,pokemon258,pokemon243
718,pokemon23,pokemon14
719,pokemon173,pokemon202
720,pokemon334,pokemon64
721,pokemon270,pokemon79
722,pokemon121,pokemon170
723,pokemon264,pokemon137
724,pokemon74,pokemon170
725,pokemon35,pokemon138
726,pokemon40,pokemon193
727,pokemon130,pokemon333
728,pokemon231,pokemon133
729,pokemon112,pokemon153
730,pokemon357,pokemon275
731,pokemon40,pokemon361
732,pokemon149,pokemon363
733,pokemon312,pokemon134
734,pokemon41,pokemon12
735,pokemon36,pokemon14
736,pokemon126,pokemon7
737,pokemon365,pokemon43
738,pokemon98,pokemon146
739,pokemon321,pokemon6
740,pokemon233,pokemon98
741,pokemon258,pokemon199
742,pokemon243,pokemon322
743,pokemon148,pokemon289
744,pokemon101,pokemon236
745,pokemon93,pokemon221
746,pokemon158,pokemon238
747,pokemon262,pokemon357
748,pokemon353,pokemon306
749,pokemon303,pokemon161
750,pokemon181,pokemon141
751,pokemon43,pokemon327
752,pokemon322,pokemon35
753,pokemon31,pokemon77
754,pokemon13,pokemon262
755,pokemon258,pokemon108
756,pokemon65,pokemon121
757,pokemon73,pokemon15
758,pokemon112,pokemon293
759,pokemon296,pokemon354
760,pokemon192,pokemon252
761,pokemon151,pokemon313
762,pokemon3,pokemon281
763,pokemon365,pokemon298
764,pokemon240,pokemon163
765,pokemon314,pokemon262
766,pokemon180,pokemon84
767,pokemon38,pokemon35
768,pokemon2,pokemon201
769,pokemon231,pokemon316
770,pokemon335,pokemon106
771,pokemon230,pokemon352
772,pokemon193,pokemon54
773,pokemon223,pokemon269
774,pokemon7,pokemon29
775,pokemon171,pokemon61
776,pokemon304,pokemon29
777,pokemon167,pokemon75
778,pokemon339,pokemon64
779,pokemon252,pokemon296
780,pokemon334,pokemon153
781,pokemon281,pokemon283
782,pokemon11,pokemon290
783,pokemon240,pokemon245
784,pokemon265,pokemon269
785,pokemon31,pokemon135
786,pokemon64,pokemon291
787,pokemon9,pokemon46
788,pokemon320,pokemon224
789,pokemon265,pokemon337
790,pokemon11,pokemon192
791,pokemon2,pokemon362
792,pokemon46,pokemon261
793,pokemon134,pokemon57
794,pokemon259,pokemon335
795,pokemon254,pokemon177
796,pokemon151,pokemon267
797,pokemon10,pokemon173
798,pokemon338,pokemon160
799,pokemon105,pokemon194
800,pokemon66,pokemon160
801,pokemon184,pokemon204
802,pokemon180,pokemon22
803,pokemon363,pokemon366
804,pokemon102,pokemon127
805,pokemon7,pokemon325
806,pokemon226,pokemon61
807,pokemon191,pokemon270
808,pokemon79,pokemon284
809,pokemon246,pokemon140
810,pokemon137,pokemon305
811,pokemon54,pokemon44
812,pokemon201,pokemon243
813,pokemon235,pokemon177
814,pokemon13,pokemon177
815,pokemon300,pokemon48
816,pokemon288,pokemon205
817,pokemon72,pokemon45
818,pokemon160,pokemon123
819,pokemon316,pokemon153
820,pokemon64,pokemon113
821,pokemon134,pokemon315
822,pokemon201,pokemon24
823,pokemon320,pokemon53
824,pokemon135,pokemon77
825,pokemon201,pokemon206
826,pokemon199,pokemon133
827,pokemon322,pokemon12
828,pokemon258,pokemon142
829,pokemon156,pokemon211
830,pokemon349,pokemon265
831,pokemon319,pokemon360
832,pokemon237,pokemon331
833,pokemon266,pokemon302
834,pokemon333,pokemon16
835,pokemon75,pokemon16
836,pokemon28,pokemon86
837,pokemon285,pokemon93
838,pokemon179,pokemon32
839,pokemon45,pokemon141
840,pokemon276,pokemon44
841,pokemon351,pokemon46
842,pokemon202,pokemon201
843,pokemon305,pokemon221
844,pokemon250,pokemon38
845,pokemon286,pokemon155
846,pokemon98,pokemon63
847,pokemon8,pokemon324
848,pokemon14,pokemon260
849,pokemon218,pokemon258
850,pokemon359,pokemon347
851,pokemon30,pokemon228
852,pokemon90,pokemon198
853,pokemon328,pokemon168
854,pokemon219,pokemon329
855,pokemon333,pokemon76
856,pokemon219,pokemon151
857,pokemon193,pokemon244
858,pokemon195,pokemon354
859,pokemon103,pokemon157
860,pokemon300,pokemon79
861,pokemon10,pokemon42
862,pokemon228,pokemon212
863,pokemon94,pokemon60
864,pokemon292,pokemon42
865,pokemon322,pokemon170
866,pokemon203,pokemon171
867,pokemon154,pokemon186
868,pokemon295,pokemon33
869,pokemon214,pokemon355
870,pokemon195,pokemon187
871,pokemon214,pokemon229
872,pokemon14,pokemon89
873,pokemon244,pokemon172
874,pokemon310,pokemon170
875,pokemon214,pokemon330
876,pokemon59,pokemon210
877,pokemon251,pokemon64
878,pokemon30,pokemon264
879,pokemon227,pokemon92
880,pokemon143,pokemon186
881,pokemon57,pokemon87
882,pokemon210,pokemon313
883,pokemon77,pokemon166
884,pokemon43,pokemon43
885,pokemon28,pokemon235
886,pokemon52,pokemon259
887,pokemon16,pokemon276
888,pokemon303,pokemon328
889,pokemon131,pokemon243
890,pokemon171,pokemon302
891,pokemon332,pokemon257
892,pokemon251,pokemon317
893,pokemon158,pokemon351
894,pokemon279,pokemon196
895,pokemon131,pokemon334
896,pokemon281,pokemon186
897,pokemon140,pokemon52
898,pokemon74,pokemon300
899,pokemon238,pokemon163
900,pokemon332,pokemon186
901,pokemon354,pokemon34
902,pokemon253,pokemon318
903,pokemon323,pokemon11
904,pokemon349,pokemon356
905,pokemon132,pokemon117
906,pokemon338,pokemon329
907,pokemon165,pokemon85
908,pokemon74,pokemon245
909,pokemon273,pokemon164
910,pokemon240,pokemon365
911,pokemon188,pokemon204
912,pokemon114,pokemon239
913,pokemon236,pokemon320
914,pokemon252,pokemon141
915,pokemon210,pokemon172
916,pokemon338,pokemon228
917,pokemon264,pokemon362
918,pokemon25,pokemon264
919,pokemon348,pokemon1
920,pokemon226,pokemon57
921,pokemon31,pokemon213
922,pokemon282,pokemon244
923,pokemon163,pokemon158
924,pokemon22,pokemon342
925,pokemon223,pokemon84
926,pokemon295,pokemon160
927,pokemon332,pokemon217
928,pokemon243,pokemon99
929,pokemon284,pokemon75
930,pokemon202,pokemon172
931,pokemon120,pokemon256
932,pokemon147,pokemon110
933,pokemon328,pokemon19
934,pokemon308,pokemon203
935,pokemon53,pokemon279
936,pokemon304,pokemon123
937,pokemon86,pokemon8
938,pokemon159,pokemon251
939,pokemon108,pokemon349
940,pokemon354,pokemon67
941,pokemon256,pokemon146
942,pokemon221,pokemon7
943,pokemon2,pokemon254
944,pokemon192,pokemon93
945,pokemon211,pokemon136
946,pokemon300,pokemon24
947,pokemon319,pokemon292
948,pokemon177,pokemon167
949,pokemon293,pokemon144
950,pokemon157,pokemon367
951,pokemon342,pokemon164
952,pokemon37,pokemon125
953,pokemon152,pokemon246
954,pokemon243,pokemon47
955,pokemon181,pokemon171
956,pokemon152,pokemon102
957,pokemon145,pokemon211
958,pokemon285,pokemon344
959,pokemon7,pokemon75
960,pokemon57,pokemon41
961,pokemon98,pokemon170
962,pokemon70,pokemon251
963,pokemon349,pokemon154
964,pokemon4,pokemon102
965,pokemon137,pokemon279
966,pokemon215,pokemon51
967,pokemon161,pokemon160
968,pokemon180,pokemon258
969,pokemon245,pokemon332
970,pokemon106,pokemon25
971,pokemon146,pokemon314
972,pokemon348,pokemon162
973,pokemon214,pokemon272
974,pokemon342,pokemon243
975,pokemon284,pokemon137
976,pokemon305,pokemon22
977,pokemon53,pokemon148
978,pokemon90,pokemon84
979,pokemon196,pokemon165
980,pokemon116,pokemon13
981,pokemon68,pokemon167
982,pokemon86,pokemon161
983,pokemon223,pokemon184
984,pokemon315,pokemon306
985,pokemon279,pokemon299
986,pokemon40,pokemon195
987,pokemon173,pokemon136
988,pokemon322,pokemon117
989,pokemon219,pokemon190
990,pokemon343,pokemon263
991,pokemon241,pokemon305
992,pokemon263,pokemon280
993,pokemon336,pokemon163
994,pokemon84,pokemon306
995,pokemon311,pokemon30
996,pokemon242,pokemon71
997,pokemon191,pokemon103
998,pokemon214,pokemon188
999,pokemon313,pokemon361
